Country,A/RES/ES-10/21,A/RES/78/76,A/RES/78/73,A/RES/78/74,A/RES/78/77,A/RES/78/78,A/RES/78/75,A/RES/ES-10/22,A/RES/78/170,A/RES/78/192,A/RES/78/251,A/RES/ES-10/23,A/RES/ES-10/24,A/RES/79/81,A/RES/79/82,A/RES/79/89,A/RES/79/88,A/RES/79/91,A/RES/79/90,A/RES/ES-10/25,A/RES/ES-10/26,A/RES/79/163,A/RES/79/229,A/RES/79/232,A/RES/79/256,# of Ys,# of Ns,# of As,# of Xs
AFGHANISTAN,Y,Y,Y,Y,Y,Y,Y,Y,X,X,X,X,X,X,X,X,X,X,X,X,X,X,X,X,X,8,0,0,17
ALBANIA,A,A,Y,Y,Y,Y,Y,Y,Y,Y,A,A,A,Y,N,Y,Y,Y,Y,Y,A,Y,Y,Y,A,17,1,7,0
ALGERIA,Y,Y,Y,Y,Y,Y,Y,Y,Y,Y,Y,Y,Y,Y,Y,Y,Y,Y,Y,Y,Y,Y,Y,Y,Y,25,0,0,0
ANDORRA,Y,A,Y,Y,Y,Y,Y,Y,Y,Y,A,Y,Y,Y,A,Y,Y,Y,Y,Y,Y,Y,Y,Y,A,21,0,4,0
ANGOLA,Y,Y,Y,Y,Y,Y,Y,Y,Y,Y,Y,Y,Y,Y,Y,Y,Y,Y,Y,Y,Y,Y,Y,Y,Y,25,0,0,0
ANTIGUA AND BARBUDA,Y,Y,Y,Y,Y,Y,Y,Y,Y,Y,X,Y,Y,X,X,Y,Y,Y,Y,Y,Y,Y,Y,Y,Y,22,0,0,3
ARGENTINA,Y,A,Y,Y,Y,Y,Y,A,Y,Y,Y,N,N,N,N,N,N,N,A,N,N,N,N,N,N,9,13,3,0
ARMENIA,Y,A,Y,Y,Y,Y,Y,Y,Y,Y,Y,Y,Y,Y,A,Y,Y,Y,Y,Y,Y,Y,Y,Y,Y,23,0,2,0
AUSTRALIA,A,N,Y,Y,A,Y,Y,Y,A,Y,N,Y,A,Y,A,Y,Y,Y,A,Y,Y,Y,Y,A,Y,16,2,7,0
AUSTRIA,N,N,Y,Y,Y,Y,Y,N,Y,Y,Y,A,A,Y,N,Y,Y,Y,Y,A,Y,Y,Y,A,Y,17,4,4,0
AZERBAIJAN,Y,Y,Y,Y,Y,Y,Y,Y,Y,Y,Y,Y,Y,Y,Y,Y,Y,Y,Y,Y,Y,Y,Y,Y,Y,25,0,0,0
BAHAMAS,Y,X,X,Y,X,X,Y,Y,Y,Y,Y,Y,Y,Y,Y,Y,Y,Y,Y,Y,Y,Y,Y,Y,Y,21,0,0,4
BAHRAIN,Y,Y,Y,Y,Y,Y,Y,Y,Y,Y,Y,Y,Y,Y,Y,Y,Y,Y,Y,Y,Y,Y,Y,Y,Y,25,0,0,0
BANGLADESH,Y,Y,Y,Y,Y,Y,Y,Y,Y,Y,Y,Y,Y,Y,Y,Y,Y,Y,Y,Y,Y,Y,Y,Y,Y,25,0,0,0
BARBADOS,Y,Y,Y,Y,Y,Y,Y,Y,Y,Y,Y,Y,Y,Y,Y,Y,Y,Y,Y,Y,Y,Y,Y,Y,Y,25,0,0,0
BELARUS,Y,A,Y,Y,Y,Y,Y,Y,Y,Y,Y,Y,Y,Y,A,Y,Y,Y,Y,Y,Y,Y,Y,Y,Y,23,0,2,0
BELGIUM,Y,A,Y,Y,Y,Y,Y,Y,Y,Y,Y,Y,Y,Y,A,Y,Y,Y,Y,Y,Y,Y,Y,Y,Y,23,0,2,0
BELIZE,Y,Y,Y,Y,Y,Y,Y,Y,Y,Y,X,Y,Y,Y,Y,Y,Y,Y,Y,Y,Y,Y,Y,Y,Y,24,0,0,1
BENIN,X,Y,Y,Y,Y,Y,Y,Y,Y,Y,X,Y,X,Y,Y,Y,Y,Y,Y,X,X,Y,Y,X,X,18,0,0,7
BHUTAN,Y,Y,Y,Y,Y,Y,Y,Y,Y,Y,Y,Y,Y,Y,Y,Y,Y,Y,Y,Y,Y,Y,Y,Y,Y,25,0,0,0
BOLIVIA (PLURINATIONAL STATE OF),Y,Y,Y,Y,Y,Y,Y,Y,Y,Y,Y,Y,Y,Y,Y,Y,Y,Y,Y,Y,Y,Y,Y,Y,Y,25,0,0,0
BOSNIA AND HERZEGOVINA,Y,A,Y,Y,Y,Y,Y,Y,Y,Y,Y,Y,Y,Y,A,Y,Y,Y,Y,Y,Y,Y,Y,Y,Y,23,0,2,0
BOTSWANA,Y,Y,Y,Y,Y,Y,Y,Y,Y,Y,Y,Y,Y,Y,Y,X,X,X,X,Y,Y,Y,Y,Y,Y,21,0,0,4
BRAZIL,Y,Y,Y,Y,Y,Y,Y,Y,Y,Y,Y,Y,Y,Y,Y,Y,Y,Y,Y,Y,Y,Y,Y,Y,Y,25,0,0,0
BRUNEI DARUSSALAM,Y,Y,Y,Y,Y,Y,Y,Y,Y,Y,Y,Y,Y,Y,Y,Y,Y,Y,Y,Y,Y,Y,Y,Y,Y,25,0,0,0
BULGARIA,A,A,Y,Y,Y,Y,Y,A,Y,Y,Y,A,A,Y,N,Y,Y,Y,Y,A,Y,Y,Y,A,A,16,1,8,0
BURKINA FASO,X,X,X,X,X,X,X,X,Y,Y,Y,Y,Y,Y,Y,Y,Y,Y,Y,X,Y,Y,Y,X,Y,15,0,0,10
BURUNDI,X,Y,Y,Y,Y,Y,Y,Y,Y,Y,Y,Y,Y,Y,Y,Y,Y,Y,Y,Y,Y,Y,Y,Y,Y,24,0,0,1
CABO VERDE,A,Y,Y,Y,Y,Y,Y,A,Y,Y,Y,Y,Y,Y,Y,Y,Y,Y,Y,Y,Y,Y,Y,Y,X,22,0,2,1
CAMBODIA,X,Y,Y,Y,Y,Y,Y,Y,Y,Y,Y,Y,Y,Y,Y,Y,Y,Y,Y,Y,Y,Y,Y,Y,Y,24,0,0,1
CAMEROON,A,A,A,A,A,A,A,A,A,A,A,X,A,A,A,A,A,A,A,A,A,X,A,A,A,0,0,23,2
CANADA,A,N,N,Y,A,N,N,Y,N,Y,A,A,A,Y,N,Y,Y,Y,A,Y,Y,Y,N,A,A,10,7,8,0
CENTRAL AFRICAN REPUBLIC,Y,Y,Y,Y,A,A,Y,Y,Y,Y,X,Y,X,X,X,Y,Y,A,A,X,X,Y,Y,X,X,13,0,4,8
CHAD,Y,Y,Y,Y,Y,Y,Y,Y,Y,Y,Y,Y,Y,Y,Y,Y,Y,Y,Y,Y,Y,Y,Y,Y,Y,25,0,0,0
CHILE,Y,Y,Y,Y,Y,Y,Y,Y,Y,Y,Y,Y,Y,Y,Y,Y,Y,Y,Y,Y,Y,Y,Y,Y,Y,25,0,0,0
CHINA,Y,Y,Y,Y,Y,Y,Y,Y,Y,Y,Y,Y,Y,Y,Y,Y,Y,Y,Y,Y,Y,Y,Y,Y,Y,25,0,0,0
COLOMBIA,Y,Y,Y,Y,Y,Y,Y,Y,Y,Y,Y,Y,Y,Y,Y,Y,Y,Y,Y,Y,Y,Y,Y,Y,Y,25,0,0,0
COMOROS,Y,Y,Y,Y,Y,Y,Y,Y,X,Y,Y,Y,Y,Y,Y,X,X,X,X,Y,Y,Y,X,X,N,17,1,0,7
CONGO,Y,X,X,X,X,X,X,Y,Y,Y,Y,X,X,Y,Y,Y,Y,Y,Y,Y,Y,Y,Y,X,X,15,0,0,10
COSTA RICA,Y,A,Y,Y,Y,Y,Y,Y,Y,Y,Y,Y,A,Y,A,Y,Y,Y,Y,Y,Y,Y,Y,Y,Y,22,0,3,0
COTE D'IVOIRE,Y,A,Y,Y,A,A,Y,Y,A,Y,A,Y,Y,Y,A,Y,Y,A,A,Y,Y,Y,A,Y,Y,16,0,9,0
CROATIA,N,A,Y,Y,Y,Y,Y,Y,Y,Y,Y,A,A,Y,N,Y,Y,Y,Y,Y,Y,Y,Y,A,A,18,2,5,0
CUBA,Y,Y,Y,Y,Y,Y,Y,Y,Y,Y,Y,Y,Y,Y,Y,Y,Y,Y,Y,Y,Y,Y,Y,Y,Y,25,0,0,0
CYPRUS,A,A,Y,Y,Y,Y,Y,Y,Y,Y,Y,Y,Y,Y,Y,Y,Y,Y,Y,Y,Y,Y,Y,Y,A,22,0,3,0
CZECHIA,N,N,Y,Y,Y,A,Y,N,Y,Y,Y,N,N,A,N,Y,Y,A,Y,A,N,Y,Y,N,A,12,8,5,0
DEMOCRATIC PEOPLE'S REPUBLIC OF KOREA,Y,Y,Y,Y,Y,Y,Y,Y,Y,Y,Y,Y,Y,Y,Y,Y,Y,Y,Y,Y,Y,Y,Y,Y,Y,25,0,0,0
DEMOCRATIC REPUBLIC OF THE CONGO,Y,A,Y,Y,Y,A,Y,Y,X,Y,X,X,A,X,X,Y,Y,X,X,X,X,X,X,X,X,9,0,3,13
DENMARK,A,A,Y,Y,Y,Y,Y,Y,Y,Y,A,Y,A,Y,N,Y,Y,Y,Y,Y,Y,Y,Y,Y,Y,20,1,4,0
DJIBOUTI,Y,Y,Y,Y,Y,Y,Y,Y,Y,Y,Y,Y,Y,Y,Y,Y,Y,Y,Y,Y,Y,Y,Y,Y,Y,25,0,0,0
DOMINICA,Y,X,X,X,X,X,X,Y,X,X,X,Y,Y,X,X,Y,Y,X,X,X,X,Y,X,X,X,7,0,0,18
DOMINICAN REPUBLIC,Y,A,Y,Y,Y,Y,Y,Y,Y,Y,Y,Y,A,Y,A,Y,Y,Y,Y,Y,Y,Y,Y,Y,Y,22,0,3,0
ECUADOR,Y,A,Y,Y,Y,Y,Y,Y,Y,Y,Y,X,A,A,A,Y,Y,A,A,Y,Y,A,A,Y,A,15,0,9,1
EGYPT,Y,Y,Y,Y,Y,Y,Y,Y,Y,Y,Y,Y,Y,Y,Y,Y,Y,Y,Y,Y,Y,Y,Y,Y,Y,25,0,0,0
EL SALVADOR,Y,Y,Y,Y,Y,Y,Y,Y,Y,Y,Y,Y,Y,Y,Y,Y,Y,Y,Y,Y,Y,Y,Y,Y,Y,25,0,0,0
EQUATORIAL GUINEA,Y,X,Y,Y,X,X,X,A,X,Y,Y,Y,X,X,X,X,Y,X,X,Y,Y,Y,X,X,X,10,0,1,14
ERITREA,Y,Y,Y,Y,Y,Y,Y,Y,Y,Y,Y,Y,Y,Y,Y,Y,Y,Y,Y,Y,Y,Y,Y,Y,Y,25,0,0,0
ESTONIA,A,A,Y,Y,Y,Y,Y,Y,Y,Y,Y,Y,Y,Y,N,Y,Y,Y,Y,Y,Y,Y,Y,A,Y,21,1,3,0
ESWATINI,X,X,X,X,X,X,X,X,X,Y,X,X,X,X,X,X,X,X,X,X,X,Y,X,X,X,2,0,0,23
ETHIOPIA,A,A,Y,Y,Y,Y,Y,Y,Y,Y,Y,Y,A,Y,Y,Y,Y,Y,Y,Y,Y,Y,Y,A,Y,21,0,4,0
FIJI,N,X,X,X,X,X,X,Y,X,X,X,A,N,X,X,A,Y,N,A,A,A,Y,A,N,X,3,4,6,12
FINLAND,A,A,Y,Y,Y,Y,Y,Y,Y,Y,Y,A,Y,Y,A,Y,Y,Y,Y,Y,Y,Y,Y,Y,Y,21,0,4,0
FRANCE,Y,A,Y,Y,Y,Y,Y,Y,Y,Y,Y,Y,Y,Y,A,Y,Y,Y,Y,Y,Y,Y,Y,Y,A,22,0,3,0
GABON,Y,Y,Y,Y,Y,Y,Y,Y,X,Y,X,Y,Y,Y,Y,Y,Y,Y,Y,Y,Y,Y,Y,X,Y,22,0,0,3
GAMBIA,Y,Y,Y,Y,Y,Y,Y,Y,Y,Y,Y,Y,Y,Y,Y,Y,Y,Y,Y,Y,Y,Y,Y,Y,Y,25,0,0,0
GEORGIA,A,A,Y,Y,A,A,Y,A,Y,Y,A,A,A,A,A,Y,Y,A,A,A,A,Y,Y,A,A,9,0,16,0
GERMANY,A,A,Y,Y,Y,Y,Y,A,Y,Y,Y,A,A,Y,N,Y,Y,Y,Y,Y,Y,Y,Y,Y,A,18,1,6,0
GHANA,Y,Y,Y,Y,Y,Y,Y,Y,Y,Y,Y,Y,Y,Y,Y,Y,Y,Y,Y,Y,Y,Y,Y,Y,Y,25,0,0,0
GREECE,A,A,Y,Y,Y,Y,Y,Y,Y,Y,Y,Y,Y,Y,N,Y,Y,Y,Y,Y,Y,Y,Y,A,A,20,1,4,0
GRENADA,Y,Y,Y,Y,Y,Y,Y,Y,Y,Y,Y,Y,Y,X,X,X,X,X,X,Y,Y,Y,Y,X,X,17,0,0,8
GUATEMALA,N,N,A,A,A,A,A,N,A,A,A,Y,A,Y,A,Y,Y,A,A,Y,Y,Y,Y,Y,Y,10,3,12,0
GUINEA,Y,Y,Y,Y,Y,Y,Y,Y,Y,Y,X,Y,Y,Y,Y,Y,Y,Y,Y,Y,Y,Y,Y,Y,Y,24,0,0,1
GUINEA-BISSAU,Y,Y,Y,Y,Y,Y,Y,Y,Y,Y,X,Y,Y,Y,Y,Y,Y,Y,Y,X,X,Y,Y,Y,X,21,0,0,4
GUYANA,Y,Y,Y,Y,Y,Y,Y,Y,Y,Y,Y,Y,Y,Y,Y,Y,Y,Y,Y,Y,Y,Y,Y,Y,Y,25,0,0,0
HAITI,A,A,Y,Y,A,A,Y,X,Y,Y,Y,Y,A,X,X,Y,Y,A,A,X,X,Y,Y,Y,Y,13,0,7,5
HONDURAS,Y,Y,Y,Y,Y,Y,Y,Y,Y,Y,Y,Y,Y,Y,Y,Y,Y,Y,Y,Y,Y,Y,Y,Y,Y,25,0,0,0
HUNGARY,N,N,Y,Y,Y,N,Y,A,Y,Y,A,N,N,N,N,Y,Y,N,Y,A,N,Y,Y,N,Y,12,10,3,0
ICELAND,A,A,Y,Y,Y,Y,Y,Y,Y,Y,Y,Y,Y,Y,A,Y,Y,Y,Y,Y,Y,Y,Y,Y,Y,22,0,3,0
INDIA,A,A,Y,Y,Y,Y,Y,Y,Y,Y,Y,Y,A,Y,A,Y,Y,Y,Y,Y,Y,Y,Y,Y,Y,21,0,4,0
INDONESIA,Y,Y,Y,Y,Y,Y,Y,Y,Y,Y,Y,Y,Y,Y,Y,Y,Y,Y,Y,Y,Y,Y,Y,Y,Y,25,0,0,0
IRAN (ISLAMIC REPUBLIC OF),Y,Y,Y,Y,Y,Y,Y,Y,Y,Y,Y,Y,Y,Y,Y,Y,Y,Y,Y,Y,Y,Y,Y,Y,Y,25,0,0,0
IRAQ,A,Y,Y,Y,Y,Y,Y,Y,Y,Y,Y,Y,Y,Y,Y,Y,Y,Y,Y,Y,Y,Y,Y,Y,Y,24,0,1,0
IRELAND,Y,A,Y,Y,Y,Y,Y,Y,Y,Y,Y,Y,Y,Y,A,Y,Y,Y,Y,Y,Y,Y,Y,Y,Y,23,0,2,0
ISRAEL,N,N,N,N,N,N,N,N,N,N,N,N,N,N,N,N,N,N,N,N,N,N,N,N,N,0,25,0,0
ITALY,A,A,Y,Y,Y,Y,Y,A,Y,Y,Y,A,A,Y,N,Y,Y,Y,Y,Y,Y,Y,Y,Y,Y,19,1,5,0
JAMAICA,X,A,Y,Y,Y,Y,Y,Y,Y,Y,Y,Y,Y,Y,Y,Y,Y,Y,Y,Y,Y,Y,Y,Y,Y,23,0,1,1
JAPAN,A,A,Y,Y,Y,Y,Y,Y,Y,Y,Y,Y,Y,Y,A,Y,Y,Y,Y,Y,Y,Y,Y,Y,Y,22,0,3,0
JORDAN,Y,Y,Y,Y,Y,Y,Y,Y,Y,Y,Y,Y,Y,Y,Y,Y,Y,Y,Y,Y,Y,Y,Y,Y,Y,25,0,0,0
KAZAKHSTAN,Y,X,Y,Y,Y,Y,Y,Y,Y,Y,X,Y,Y,Y,Y,Y,Y,Y,Y,Y,Y,Y,Y,Y,Y,23,0,0,2
KENYA,Y,Y,Y,Y,Y,Y,Y,Y,Y,Y,Y,Y,A,Y,Y,Y,Y,Y,Y,Y,Y,Y,Y,Y,Y,24,0,1,0
KIRIBATI,A,A,A,A,A,A,A,X,A,A,X,X,A,X,X,A,Y,A,A,X,X,A,A,X,A,1,0,16,8
KUWAIT,Y,Y,Y,Y,Y,Y,Y,Y,Y,Y,Y,Y,Y,Y,Y,Y,Y,Y,Y,Y,Y,Y,Y,Y,Y,25,0,0,0
KYRGYZSTAN,Y,Y,Y,Y,Y,Y,Y,Y,Y,Y,Y,Y,Y,Y,Y,Y,Y,Y,Y,Y,Y,Y,Y,Y,Y,25,0,0,0
LAO PEOPLE'S DEMOCRATIC REPUBLIC,Y,Y,Y,Y,Y,Y,Y,Y,Y,Y,Y,Y,Y,Y,Y,Y,Y,Y,Y,Y,Y,Y,Y,Y,Y,25,0,0,0
LATVIA,A,A,Y,Y,Y,Y,Y,Y,Y,Y,Y,A,Y,Y,A,Y,Y,Y,Y,Y,Y,Y,Y,Y,Y,21,0,4,0
LEBANON,Y,Y,Y,Y,Y,Y,Y,Y,Y,Y,Y,Y,Y,Y,Y,Y,Y,Y,Y,Y,Y,Y,Y,Y,Y,25,0,0,0
LESOTHO,Y,Y,Y,Y,Y,Y,Y,Y,Y,Y,Y,Y,Y,Y,Y,Y,Y,Y,Y,Y,Y,Y,Y,Y,Y,25,0,0,0
LIBERIA,X,X,X,X,X,X,X,N,X,X,X,X,A,X,X,A,A,A,A,Y,Y,A,Y,Y,A,4,1,7,13
LIBYA,Y,Y,Y,Y,Y,Y,Y,Y,Y,Y,Y,Y,Y,Y,Y,Y,Y,Y,Y,Y,Y,Y,X,Y,Y,24,0,0,1
LIECHTENSTEIN,Y,A,Y,Y,Y,Y,Y,Y,Y,Y,Y,Y,A,Y,A,Y,Y,Y,Y,Y,Y,Y,Y,Y,A,21,0,4,0
LITHUANIA,A,A,Y,Y,Y,Y,Y,A,Y,Y,Y,A,A,Y,N,Y,Y,Y,Y,Y,A,Y,Y,A,Y,17,1,7,0
LUXEMBOURG,Y,A,Y,Y,Y,Y,Y,Y,Y,Y,Y,Y,Y,Y,A,Y,Y,Y,Y,Y,Y,Y,Y,Y,A,22,0,3,0
MADAGASCAR,Y,X,X,X,A,X,X,Y,Y,Y,X,Y,X,Y,X,X,X,A,A,Y,Y,Y,Y,X,X,10,0,3,12
MALAWI,Y,A,Y,Y,A,A,Y,A,X,Y,X,A,N,X,X,Y,Y,A,A,Y,A,Y,X,X,X,9,1,8,7
MALAYSIA,Y,Y,Y,Y,Y,Y,Y,Y,Y,Y,Y,Y,Y,Y,Y,Y,Y,Y,Y,Y,Y,Y,Y,Y,Y,25,0,0,0
MALDIVES,Y,Y,Y,Y,Y,Y,Y,Y,Y,Y,Y,Y,Y,Y,Y,Y,Y,Y,Y,Y,Y,Y,Y,Y,Y,25,0,0,0
MALI,Y,Y,Y,Y,Y,Y,Y,Y,Y,Y,Y,Y,Y,Y,Y,Y,Y,Y,Y,Y,Y,Y,Y,Y,Y,25,0,0,0
MALTA,Y,A,Y,Y,Y,Y,Y,Y,Y,Y,Y,Y,Y,Y,Y,Y,Y,Y,Y,Y,Y,Y,Y,Y,N,23,1,1,0
MARSHALL ISLANDS,N,X,X,X,X,X,X,A,X,X,X,A,Y,Y,Y,Y,Y,Y,Y,Y,Y,Y,Y,Y,Y,13,1,2,9
MAURITANIA,Y,Y,Y,Y,Y,Y,Y,Y,Y,Y,X,Y,Y,Y,Y,Y,Y,Y,Y,Y,Y,Y,Y,Y,Y,24,0,0,1
MAURITIUS,Y,Y,Y,Y,Y,Y,Y,Y,Y,Y,Y,Y,Y,Y,Y,Y,Y,Y,Y,Y,Y,Y,Y,Y,Y,25,0,0,0
MEXICO,Y,A,Y,Y,Y,Y,Y,Y,Y,Y,Y,Y,Y,Y,A,Y,Y,Y,Y,Y,Y,Y,Y,Y,Y,23,0,2,0
MICRONESIA (FEDERATED STATES OF),N,N,N,A,A,N,N,N,N,N,X,N,N,N,N,N,A,N,A,N,A,N,N,N,X,0,18,5,2
MONACO,A,A,Y,Y,Y,Y,Y,Y,Y,Y,A,A,Y,Y,A,Y,Y,Y,Y,Y,Y,Y,Y,Y,A,19,0,6,0
MONGOLIA,Y,A,Y,Y,Y,Y,Y,Y,Y,Y,Y,Y,Y,Y,X,Y,Y,Y,Y,Y,Y,Y,Y,Y,Y,23,0,1,1
MONTENEGRO,Y,A,Y,Y,Y,Y,Y,Y,Y,Y,A,Y,Y,Y,A,Y,Y,Y,Y,Y,Y,Y,Y,Y,A,21,0,4,0
MOROCCO,Y,Y,Y,Y,Y,Y,Y,Y,Y,Y,Y,Y,Y,Y,Y,Y,Y,Y,Y,Y,Y,Y,Y,Y,Y,25,0,0,0
MOZAMBIQUE,Y,Y,Y,Y,Y,Y,Y,Y,Y,Y,Y,Y,Y,Y,Y,Y,Y,Y,Y,Y,Y,Y,Y,X,X,23,0,0,2
MYANMAR,Y,Y,Y,Y,Y,Y,Y,Y,Y,Y,Y,Y,Y,Y,Y,Y,Y,Y,Y,Y,Y,Y,Y,Y,Y,25,0,0,0
NAMIBIA,Y,Y,Y,Y,Y,Y,Y,Y,Y,Y,Y,Y,Y,Y,Y,Y,Y,Y,Y,Y,Y,Y,Y,Y,Y,25,0,0,0
NAURU,N,N,X,A,A,N,N,N,N,N,X,N,N,N,N,X,A,N,A,N,N,N,N,N,N,0,18,4,3
NEPAL,Y,X,Y,Y,Y,Y,Y,Y,Y,Y,Y,Y,A,X,X,Y,Y,Y,Y,Y,Y,Y,Y,Y,Y,21,0,1,3
NETHERLANDS,A,A,Y,Y,Y,Y,Y,A,Y,Y,Y,A,A,Y,N,Y,Y,Y,Y,A,Y,Y,Y,Y,Y,18,1,6,0
NEW ZEALAND,Y,A,Y,Y,Y,Y,Y,Y,Y,Y,A,Y,Y,Y,A,Y,Y,Y,Y,Y,Y,Y,Y,Y,A,21,0,4,0
NICARAGUA,Y,Y,Y,Y,Y,Y,Y,Y,Y,Y,Y,Y,Y,Y,Y,Y,Y,Y,Y,Y,Y,Y,Y,Y,Y,25,0,0,0
NIGER,Y,Y,Y,Y,Y,Y,Y,Y,Y,Y,Y,Y,Y,Y,Y,Y,Y,Y,Y,Y,Y,Y,Y,Y,Y,25,0,0,0
NIGERIA,Y,X,X,X,X,X,X,Y,Y,Y,Y,Y,Y,Y,Y,Y,Y,Y,Y,Y,Y,Y,Y,Y,Y,19,0,0,6
NORTH MACEDONIA,A,A,Y,Y,Y,Y,Y,Y,Y,Y,A,A,A,Y,A,Y,Y,Y,Y,Y,Y,Y,Y,Y,A,18,0,7,0
NORWAY,Y,A,Y,Y,Y,Y,Y,Y,Y,Y,Y,Y,Y,Y,A,Y,Y,Y,Y,Y,Y,Y,Y,Y,Y,23,0,2,0
OMAN,Y,Y,Y,Y,Y,Y,Y,Y,Y,Y,Y,Y,Y,Y,Y,Y,Y,Y,Y,Y,Y,Y,Y,Y,Y,25,0,0,0
PAKISTAN,Y,Y,Y,Y,Y,Y,Y,Y,Y,Y,Y,Y,Y,Y,Y,Y,Y,Y,Y,Y,Y,Y,Y,Y,Y,25,0,0,0
PALAU,A,A,A,A,A,A,A,A,N,A,A,N,N,N,N,A,A,A,A,N,A,A,N,N,A,0,8,17,0
PANAMA,A,A,Y,Y,A,A,Y,A,Y,Y,Y,Y,A,Y,A,A,A,A,A,Y,A,A,A,A,Y,10,0,15,0
PAPUA NEW GUINEA,N,N,A,Y,A,A,A,N,A,A,A,N,N,N,N,N,N,N,N,N,N,N,N,N,N,1,17,7,0
PARAGUAY,N,A,Y,A,A,A,A,N,A,A,A,A,N,A,N,A,A,A,A,N,N,N,A,N,N,1,9,15,0
PERU,Y,Y,Y,Y,Y,Y,Y,Y,Y,Y,Y,Y,Y,Y,Y,Y,Y,Y,Y,Y,Y,Y,Y,Y,Y,25,0,0,0
PHILIPPINES,A,A,Y,Y,Y,Y,Y,Y,Y,Y,Y,Y,Y,Y,Y,Y,Y,Y,Y,Y,Y,Y,Y,Y,Y,23,0,2,0
POLAND,A,A,Y,Y,Y,Y,Y,Y,Y,Y,Y,Y,A,Y,A,Y,Y,Y,Y,Y,Y,Y,Y,Y,A,20,0,5,0
PORTUGAL,Y,A,Y,Y,Y,Y,Y,Y,Y,Y,Y,Y,Y,Y,A,Y,Y,Y,Y,Y,Y,Y,Y,Y,Y,23,0,2,0
QATAR,Y,Y,Y,Y,Y,Y,Y,Y,Y,Y,Y,Y,Y,Y,Y,Y,Y,Y,Y,Y,Y,Y,Y,Y,Y,25,0,0,0
REPUBLIC OF KOREA,A,A,Y,Y,Y,Y,Y,Y,Y,Y,Y,Y,A,Y,A,Y,Y,Y,Y,Y,Y,Y,Y,Y,Y,21,0,4,0
REPUBLIC OF MOLDOVA,A,A,Y,Y,Y,Y,Y,Y,Y,Y,Y,A,A,Y,A,Y,Y,Y,Y,A,Y,Y,Y,A,A,17,0,8,0
ROMANIA,A,A,Y,Y,Y,Y,Y,A,Y,Y,Y,A,A,Y,N,Y,Y,Y,Y,Y,Y,Y,Y,A,A,17,1,7,0
RUSSIAN FEDERATION,Y,A,Y,Y,Y,Y,Y,Y,Y,Y,Y,Y,Y,Y,A,Y,Y,Y,Y,Y,Y,Y,Y,Y,Y,23,0,2,0
RWANDA,X,X,X,Y,X,X,X,Y,X,Y,X,Y,A,Y,A,Y,Y,A,A,Y,Y,Y,A,A,Y,11,0,6,8
SAINT KITTS AND NEVIS,Y,Y,Y,Y,Y,Y,Y,Y,Y,Y,Y,Y,Y,Y,Y,Y,Y,Y,Y,Y,Y,Y,Y,Y,X,24,0,0,1
SAINT LUCIA,Y,Y,Y,Y,Y,Y,Y,Y,Y,Y,Y,Y,Y,Y,Y,Y,Y,Y,Y,Y,Y,Y,Y,Y,Y,25,0,0,0
SAINT VINCENT AND THE GRENADINES,Y,Y,Y,Y,Y,Y,Y,Y,Y,Y,Y,Y,Y,Y,Y,Y,Y,Y,Y,Y,Y,Y,Y,X,X,23,0,0,2
SAMOA,X,X,X,X,X,X,X,Y,X,Y,X,X,A,Y,Y,X,X,X,X,Y,Y,Y,Y,A,X,8,0,2,15
SAN MARINO,A,A,Y,Y,Y,Y,Y,Y,Y,Y,A,Y,Y,Y,A,Y,Y,Y,Y,Y,Y,Y,Y,Y,Y,21,0,4,0
SAO TOME AND PRINCIPE,X,X,X,X,X,X,X,X,X,X,X,X,X,X,X,X,X,X,X,X,X,Y,X,X,X,1,0,0,24
SAUDI ARABIA,Y,Y,Y,Y,Y,Y,Y,Y,Y,Y,Y,Y,Y,Y,Y,X,Y,Y,Y,Y,Y,Y,Y,Y,Y,24,0,0,1
SENEGAL,Y,Y,Y,Y,Y,Y,Y,Y,Y,Y,Y,Y,Y,Y,Y,Y,Y,Y,Y,Y,Y,Y,Y,Y,Y,25,0,0,0
SERBIA,A,A,Y,Y,Y,Y,Y,Y,Y,Y,X,Y,A,Y,A,Y,Y,Y,Y,Y,Y,Y,Y,A,A,18,0,6,1
SEYCHELLES,X,Y,Y,Y,Y,Y,Y,Y,Y,Y,X,Y,Y,Y,Y,Y,Y,Y,Y,Y,Y,Y,Y,Y,X,22,0,0,3
SIERRA LEONE,Y,Y,Y,Y,Y,Y,Y,Y,Y,Y,Y,Y,Y,Y,Y,Y,Y,Y,Y,Y,Y,Y,Y,Y,Y,25,0,0,0
SINGAPORE,Y,A,Y,Y,Y,Y,Y,Y,Y,Y,Y,Y,Y,Y,Y,Y,Y,Y,Y,Y,Y,Y,Y,Y,Y,24,0,1,0
SLOVAKIA,A,A,Y,Y,Y,Y,Y,A,Y,Y,Y,Y,A,Y,N,Y,Y,Y,Y,Y,A,Y,Y,A,A,17,1,7,0
SLOVENIA,Y,A,Y,Y,Y,Y,Y,Y,Y,Y,Y,Y,Y,Y,A,Y,Y,Y,Y,Y,Y,Y,Y,Y,A,22,0,3,0
SOLOMON ISLANDS,Y,X,Y,Y,X,X,Y,Y,A,Y,Y,X,Y,Y,Y,Y,Y,X,X,Y,Y,Y,Y,Y,X,17,0,1,7
SOMALIA,Y,Y,Y,Y,Y,Y,Y,Y,Y,Y,Y,Y,X,Y,Y,Y,Y,Y,Y,Y,Y,Y,Y,Y,Y,24,0,0,1
SOUTH AFRICA,Y,Y,Y,Y,Y,Y,Y,Y,Y,Y,Y,Y,Y,Y,Y,Y,Y,Y,Y,Y,Y,Y,Y,Y,Y,25,0,0,0
SOUTH SUDAN,A,A,X,Y,A,A,Y,A,A,A,A,X,A,X,X,X,X,X,X,A,A,X,X,A,X,2,0,12,11
SPAIN,Y,A,Y,Y,Y,Y,Y,Y,Y,Y,A,Y,Y,Y,A,Y,Y,Y,Y,Y,Y,Y,Y,Y,A,21,0,4,0
SRI LANKA,Y,Y,Y,Y,Y,Y,Y,Y,Y,Y,Y,Y,Y,Y,Y,Y,Y,Y,Y,Y,Y,Y,Y,Y,Y,25,0,0,0
SUDAN,Y,X,X,X,X,X,X,Y,Y,Y,Y,Y,Y,Y,Y,Y,Y,Y,Y,Y,Y,Y,Y,Y,Y,19,0,0,6
SURINAME,Y,A,Y,Y,Y,Y,Y,Y,Y,Y,Y,Y,Y,Y,Y,Y,Y,Y,Y,Y,Y,Y,Y,Y,Y,24,0,1,0
SWEDEN,A,A,Y,Y,Y,Y,Y,Y,Y,Y,Y,A,A,Y,N,Y,Y,Y,Y,Y,Y,Y,Y,Y,Y,20,1,4,0
SWITZERLAND,Y,A,Y,Y,Y,Y,Y,Y,Y,Y,Y,A,A,Y,N,Y,Y,Y,Y,Y,Y,Y,Y,Y,A,20,1,4,0
SYRIAN ARAB REPUBLIC,Y,Y,Y,Y,Y,Y,Y,Y,Y,Y,Y,Y,Y,Y,Y,Y,Y,Y,Y,Y,Y,X,Y,Y,Y,24,0,0,1
TAJIKISTAN,Y,Y,Y,Y,Y,Y,Y,Y,Y,Y,Y,Y,Y,Y,Y,Y,Y,Y,Y,Y,Y,Y,Y,Y,Y,25,0,0,0
THAILAND,Y,A,Y,Y,Y,Y,Y,Y,Y,Y,Y,Y,Y,Y,Y,Y,Y,Y,Y,Y,Y,Y,Y,Y,Y,24,0,1,0
TIMOR-LESTE,Y,A,Y,Y,Y,Y,Y,Y,Y,Y,X,Y,Y,Y,Y,Y,Y,Y,Y,Y,Y,Y,Y,Y,Y,23,0,1,1
TOGO,X,A,Y,Y,A,A,A,A,A,A,A,X,X,Y,A,A,Y,A,A,A,A,A,A,A,X,4,0,17,4
TONGA,N,A,Y,Y,A,X,Y,A,A,A,X,X,N,X,X,N,A,N,N,N,N,A,A,N,N,3,9,8,5
TRINIDAD AND TOBAGO,Y,Y,Y,Y,Y,Y,Y,Y,Y,Y,Y,Y,Y,Y,Y,Y,Y,Y,Y,Y,Y,Y,Y,Y,Y,25,0,0,0
TUNISIA,A,Y,Y,Y,Y,Y,Y,Y,Y,Y,Y,Y,Y,Y,Y,Y,Y,Y,Y,Y,Y,Y,Y,Y,Y,24,0,1,0
TURKMENISTAN,X,Y,Y,Y,Y,Y,Y,X,Y,Y,Y,Y,Y,Y,Y,Y,Y,Y,Y,Y,Y,Y,Y,Y,Y,23,0,0,2
TUVALU,A,A,Y,Y,A,A,A,Y,A,A,X,X,N,X,X,A,Y,A,A,X,X,A,X,X,X,4,1,11,9
TÜRKİYE,Y,Y,Y,Y,Y,Y,Y,Y,Y,Y,Y,Y,Y,Y,Y,Y,Y,Y,Y,Y,Y,Y,Y,Y,Y,25,0,0,0
UGANDA,Y,Y,Y,Y,Y,Y,Y,Y,Y,Y,Y,Y,Y,Y,Y,Y,Y,Y,Y,Y,Y,Y,Y,Y,Y,25,0,0,0
UKRAINE,A,A,Y,Y,Y,Y,Y,A,Y,Y,A,A,A,A,A,Y,Y,Y,Y,Y,A,Y,Y,A,A,14,0,11,0
UNITED ARAB EMIRATES,Y,Y,Y,Y,Y,Y,Y,Y,Y,Y,Y,Y,Y,Y,Y,Y,Y,Y,Y,Y,Y,Y,Y,Y,Y,25,0,0,0
UNITED KINGDOM,A,N,Y,Y,Y,Y,Y,A,Y,Y,Y,A,A,Y,N,Y,Y,Y,Y,Y,Y,Y,Y,Y,A,18,2,5,0
UNITED REPUBLIC OF TANZANIA,Y,A,Y,Y,Y,Y,Y,Y,Y,Y,Y,Y,Y,X,X,Y,Y,Y,Y,Y,Y,Y,Y,Y,Y,22,0,1,2
UNITED STATES,N,N,N,A,N,N,N,N,N,N,A,N,N,N,N,N,A,N,N,N,N,N,N,N,Y,1,21,3,0
URUGUAY,A,A,Y,A,A,A,Y,A,Y,Y,Y,Y,A,A,A,Y,Y,A,A,Y,Y,Y,Y,A,Y,13,0,12,0
UZBEKISTAN,Y,Y,Y,Y,Y,Y,Y,Y,Y,Y,Y,Y,Y,Y,Y,Y,Y,Y,Y,Y,Y,Y,Y,Y,Y,25,0,0,0
VANUATU,A,A,A,A,A,A,A,Y,A,Y,X,A,A,Y,Y,Y,Y,Y,A,Y,Y,Y,Y,X,X,11,0,11,3
VENEZUELA (BOLIVARIAN REPUBLIC OF),X,X,X,X,X,X,X,X,X,X,X,X,X,X,X,X,X,X,X,X,X,X,X,X,X,0,0,0,25
VIET NAM,Y,Y,Y,Y,Y,Y,Y,Y,Y,Y,Y,Y,Y,Y,Y,Y,Y,Y,Y,Y,Y,Y,Y,Y,Y,25,0,0,0
YEMEN,Y,Y,Y,Y,Y,Y,Y,Y,Y,Y,Y,Y,Y,Y,Y,Y,Y,Y,Y,Y,Y,Y,Y,Y,Y,25,0,0,0
ZAMBIA,A,X,X,X,X,X,X,Y,X,Y,X,Y,X,X,X,X,Y,X,X,X,X,Y,X,X,X,5,0,1,19
ZIMBABWE,Y,Y,Y,Y,Y,Y,Y,Y,Y,Y,Y,Y,Y,Y,Y,Y,Y,Y,Y,Y,Y,Y,Y,Y,Y,25,0,0,0